method,scope,percentile_param,ratio_param,random_seed,orig_nonmissing_n,orig_mean,orig_std_sample,overall_mean,overall_std,new_mean,new_std,n_missing_original,total_values_after,n_imputed,imputed_fraction,mean_after,std_after_sample,min_after,max_after,p25_after,p50_after,p75_after,histogram_path
distribution,all_rows,0.01,0.3,42,6373,29.036041174810997,2.739044057746736,29.036041174810997,2.739044057746736,22.66407185416768,0.8217132173240208,587,6960,587,0.08433908045977012,28.497105224927996,3.174409417524323,20.228079324974978,37.8892714574961,26.421925899491825,28.60646663926955,30.702273707987402,ctrl1_imputation_hist.png
